cond,dist_newX
0.2439972849941211,5.0966865184137085
0.09955084230674671,5.03502056603295
0.02739659159709884,5.03121595932591
0.01874837866700585,5.029331049069741
0.008732559044460797,5.0283752085678595
